{
    "LightGBM": 0.8744981741493112,
    "XGBoost": 0.8689438524163544,
    "CatBoost": 0.8742929615378688,
    "RandomForest": 0.862836357864651,
    "LogisticRegression": 0.8078599083996287
}